TeamName,Discipline,Country,Event
Argentina,Basketball,Argentina,Men
Argentina,Football,Argentina,Men
Argentina,Hockey,Argentina,Men
Argentina,Rugby Sevens,Argentina,Men
Argentina,Volleyball,Argentina,Men
Australia,3x3 Basketball,Australia,Men
Australia,3x3 Basketball,Australia,Women
Australia,Basketball,Australia,Men
Australia,Basketball,Australia,Women
Australia,Football,Australia,Women
Australia,Hockey,Australia,Men
Australia,Hockey,Australia,Women
Australia,Rugby Sevens,Australia,Men
Australia,Rugby Sevens,Australia,Women
Australia,Softball,Australia,Women
Australia,Water Polo,Australia,Men
Australia,Water Polo,Australia,Women
Belgium,3x3 Basketball,Belgium,Women
Belgium,Hockey,Belgium,Men
Belgium,Hockey,Belgium,Women
Brazil,Basketball,Brazil,Men
Brazil,Basketball,Brazil,Women
Brazil,Beach Volleyball,Brazil,Men
Brazil,Beach Volleyball,Brazil,Women
Brazil,Football,Brazil,Men
Brazil,Football,Brazil,Women
Brazil,Handball,Brazil,Men
Brazil,Hockey,Brazil,Men
Brazil,Rugby Sevens,Brazil,Men
Brazil,Volleyball,Brazil,Men
Brazil,Volleyball,Brazil,Women
Brazil,Water Polo,Brazil,Women
Canada,3x3 Basketball,Canada,Women
Canada,Basketball,Canada,Women
Canada,Football,Canada,Women
Canada,Rugby Sevens,Canada,Men
Canada,Rugby Sevens,Canada,Women
Canada,Softball,Canada,Women
Canada,Volleyball,Canada,Women
Chile,Football,Chile,Women
Chile,Volleyball,Chile,Men
People's Republic of China,3x3 Basketball,People's Republic of China,Men
People's Republic of China,3x3 Basketball,People's Republic of China,Women
People's Republic of China,Basketball,People's Republic of China,Men
People's Republic of China,Basketball,People's Republic of China,Women
People's Republic of China,Football,People's Republic of China,Women
People's Republic of China,Hockey,People's Republic of China,Men
People's Republic of China,Hockey,People's Republic of China,Women
People's Republic of China,Rugby Sevens,People's Republic of China,Women
People's Republic of China,Volleyball,People's Republic of China,Men
People's Republic of China,Volleyball,People's Republic of China,Women
People's Republic of China,Water Polo,People's Republic of China,Women
